claimed_revenue_m,reported_valuation_m,growth_pct,founder_linkedin_complete_pct,web_reputation_score,data_integrity_pct,fraud
19.039735882944445,100.71513513092363,42.94732414170637,66,37,52,0
47.56035816729085,275.5314642153955,40.811925865439974,81,75,87,0
36.733700119664555,437.74345957944007,136.40691417555033,16,47,37,1
30.13359496775331,368.790194340685,41.18419897817839,87,46,27,1
8.222922701900607,405.21496245211034,44.43271028865149,65,77,68,0
8.221728756642031,332.8038496882515,115.11274805060474,76,95,69,0
3.3751388023258735,349.2155166137477,70.2122771553283,25,99,72,1
43.37571921585929,426.1058692670064,117.62303075850127,92,58,66,0
30.255193081288837,132.3373243410011,14.47809284683586,60,52,60,0
35.549592600904255,249.81823218513884,75.69782308264072,91,45,65,0
1.5189324676422211,118.39262649160509,9.87397202657598,89,67,36,1
48.51053768201872,493.957323918357,14.084714501026406,81,22,41,1
41.705910719620874,472.5890764464405,136.43343073493958,21,61,18,1
11.01078597857467,29.31913757056789,25.1905788120513,62,67,93,0
9.50033587675148,355.73183453268734,82.20099892990648,84,41,77,0
9.578523237744974,463.37167553367624,64.60886237710244,14,90,55,0
15.559991026497118,98.48191911239343,55.36478230753219,36,69,76,0
26.475443365795773,288.29316297078844,135.4758351246545,21,92,35,1
21.88127842278473,458.5892658181405,8.164392532445977,26,67,17,1
14.915842439803075,26.633529507041434,101.24950449546041,15,65,15,1
30.786718288757783,351.73593095095157,144.6921929609648,14,37,89,0
7.404946102276071,155.70101361254987,86.22438660196708,66,10,33,1
14.961160102493299,462.9541357344999,140.83925699479832,37,51,57,0
18.634911243037738,485.8185401310302,12.577392496473447,87,91,54,0
23.075464218743278,472.6905796655826,65.7250312657534,78,57,22,1
39.366210088954176,242.36496616215726,42.72287968949742,68,49,78,0
10.383852216838807,432.40089898476356,110.96903992220582,42,72,34,1
25.954604701473773,423.8292052821845,147.28807812210076,71,85,29,1
29.824521158671104,166.35923188919526,42.19685905441593,59,81,91,0
2.7992954296398875,416.1685823338319,99.8553172137408,28,97,91,1
30.573470169121197,28.133741010591386,33.72415675016232,95,89,75,0
8.94094412252093,302.172240456206,86.97288691288344,78,13,83,1
3.7200538527713363,122.7043302709745,72.27021056980875,75,47,54,0
47.469834094039996,69.0777740308666,145.94077279657287,56,36,56,0
48.29878563719069,47.707068798312484,93.23645454098765,48,18,72,1
40.515668731764826,351.1815001802885,55.67842395258872,77,25,85,1
15.578381574081849,176.5387322463524,21.54388880875034,42,65,86,0
5.334769643316002,365.1357180490931,26.93079016656551,22,85,64,0
34.369534812351766,42.02460699148176,37.670954842929085,93,40,84,0
22.287548440110264,164.49226553699907,41.390165894343205,63,97,28,1
6.540892624816552,274.35073326391523,128.33932838696498,16,23,44,1
25.011257050507876,397.45435077109215,86.37730430096612,88,34,62,0
2.2022317952033106,166.18872643671426,80.89168214928313,96,43,35,1
45.51135990289971,316.6867744541345,21.641486421036532,23,76,23,1
13.309609089200837,444.1290966357317,129.72025553566806,96,33,54,0
33.294853075522106,311.77296220932925,109.80807396523014,28,82,53,0
15.929698266425842,124.15014262928055,14.811912475500229,63,35,97,0
26.243367048301636,21.95638296270363,107.63608909831646,29,29,74,1
27.562158827492343,436.34844821145566,83.81304151468368,38,73,60,0
9.650295548513588,20.422011316689698,16.850175133282846,33,19,52,1
48.49443907434565,438.6038196152577,71.45359302165518,91,92,95,0
38.86907475637517,269.1791956733339,75.2809616338568,72,76,32,1
47.00519760742736,470.14317227131914,29.037308323674985,83,33,65,0
44.79395384616862,401.40378552909607,142.12623131504094,66,14,28,1
30.096048951148713,498.98771416133536,128.246428864696,17,76,91,0
46.13277463364428,181.848789571338,102.0082389127207,99,67,85,0
4.880378851570015,385.9222615762522,72.03285634508805,71,36,64,0
10.201151689747688,206.94614766852865,64.70600352975373,38,89,69,0
2.7387508010716344,245.13905394891535,99.39115273688836,83,24,68,1
16.603851372781584,317.47767697700135,84.0876210640013,26,44,42,1
19.73952583962936,438.101785951306,14.029600352873414,75,85,28,1
13.931777072807847,492.2008999076546,79.3128840716981,15,62,37,1
41.522506703020504,386.4539727936139,121.92852449876173,67,53,61,0
18.15928967133267,214.70572326199354,71.58978225155892,78,35,58,0
14.406258229525347,216.4649311157644,12.53370374536892,37,56,46,1
27.3634561163333,371.41532777855684,119.0103389106848,71,43,35,1
7.475749136250751,127.00080142646814,34.19774840971628,50,96,49,1
40.20875054732496,64.13231543438337,42.500021058765626,78,59,89,0
4.190256862148656,183.76485724398052,28.882421247682906,91,93,47,1
49.35090336172561,150.74710591050004,52.88118440636715,99,21,86,1
38.72611608018454,155.19097902343515,114.72896832485208,93,96,96,0
10.336426235941534,124.46779801445587,80.31094962807092,50,13,63,1
0.7733447976183188,30.625662921817323,34.707784751853325,58,96,31,1
40.86534070851429,18.758228019372766,132.2853613320459,58,57,25,1
35.48943852045705,493.98397097065543,132.5393689679717,85,64,37,1
36.58585481802887,219.60883553057255,131.233871631671,80,10,44,1
38.67788216095431,198.32005710824401,39.625450650323195,12,98,69,0
4.165210260837473,343.02716851960423,70.42970490624327,19,75,54,0
18.244053562941495,116.94440505388144,147.8235001404269,98,39,55,0
6.235518446493921,475.4809801356104,116.9418090649486,44,12,81,1
43.22361958084188,395.3090570636205,8.939276077706173,89,30,64,0
31.35325727796412,53.81139113300716,14.454665732771348,11,98,95,0
16.879452230206134,214.6145801346149,72.27004963778825,33,93,94,0
3.64613833915817,440.7679707054607,136.83692984992624,83,58,35,1
15.893624924925279,472.91869092279103,83.11176070314356,47,95,94,0
16.59657444032398,239.02674051243616,77.18281366497209,31,94,34,1
36.61550582773417,310.57158071324676,20.293686493711434,35,71,74,0
32.05909483208305,91.84663358511686,100.23311518502264,52,47,15,1
44.41703075752817,495.6726268071185,124.2049582870327,64,24,32,1
23.87463879551649,123.51913367788727,60.16090108859654,48,61,73,0
6.419915173945935,471.93856932621156,117.46371838417248,38,88,96,0
35.80561696753825,328.3268580062605,144.8491148156177,29,55,52,0
38.15885990653642,307.791029490641,34.546136573514914,50,34,32,1
28.283221279690064,261.2173703980892,80.88279652323749,63,30,39,1
38.66287540775077,123.02820774170176,46.63500392226345,29,97,86,0
24.94288202003734,96.49873568269905,119.9638907599067,28,14,27,1
26.375275054408707,118.03824244438593,88.75103805276784,93,79,96,0
21.663280408748207,101.35474845068471,97.01445054479404,75,56,88,0
1.7582467738327119,391.99639204770915,120.69755314430463,39,96,30,1
5.8406256361685704,181.56137699169776,62.415718536055955,62,77,66,0
2.0557446914933455,38.34291151606422,137.68805991902127,43,27,32,1
32.00231535755713,484.8602887689976,82.2891857506903,31,30,54,0
16.06062106327817,443.0550836320786,27.90344931112546,76,95,53,0
25.674249212652786,464.59861876565435,105.90537213447635,15,32,91,0
45.42454045934161,497.5048330967533,120.0228958135469,88,73,97,0
12.83996534286931,95.20867211754877,50.930443174791364,36,76,56,0
20.81395469026367,204.1585892623028,129.29099226481918,19,49,49,1
37.89978135788091,381.53685309500474,136.39077194103612,82,19,60,1
11.825509191835312,351.0501028463582,45.1511506697823,57,98,51,0
4.310505536525254,85.40899410652898,147.6106135437072,79,61,16,1
14.842696919231518,409.7582312454027,25.403171567069972,68,81,59,0
8.480453719073218,119.97588019996373,34.292271918361045,68,84,57,0
46.52003379095736,119.67063126308531,31.71260168951379,11,70,93,0
40.50195878843864,273.1174672177726,134.62850795114122,38,73,15,1
31.853485947265963,300.54056807243455,99.87242008711947,77,14,18,1
43.63729921429203,294.24224184052747,27.055121067229567,74,62,66,0
40.28176780650617,54.82855032489989,68.8468956634106,92,64,40,1
9.735217914858774,439.95582268888637,94.21821363512129,35,46,30,1
44.6816704252539,140.14402086846596,17.102292323460578,98,65,99,0
27.197440974824712,73.46231142857405,132.95037341906414,19,68,49,1
40.468287680621096,445.4865591357988,121.5225126390226,62,78,54,0
44.85651934621291,478.26923413257913,78.25498216861254,88,82,86,0
16.24117201110726,432.4425324600708,145.2333592125797,68,68,58,0
5.9475702641199995,406.66287661519027,65.57534199488946,31,11,96,1
11.782790545826114,331.0685705131206,147.6959962602922,60,74,29,1
21.641835536999686,279.9201115984783,101.84839982652592,57,69,26,1
40.99173091316341,52.623512356590965,97.02733462182151,30,60,37,1
43.106163871189,210.14207440464236,29.063459817888823,31,39,50,0
0.8441304612939398,192.61737333603384,132.87952495417338,39,20,75,1
25.781991477589504,137.27935404255985,66.9860047484892,34,85,34,1
21.16184465586456,364.4758557074066,28.523843838459506,37,48,67,0
11.494336618301148,252.9791101885977,6.828090396485061,74,99,50,0
6.433335683017299,49.71264579474749,86.16457412756547,54,86,15,1
17.211950984479582,117.88976895540756,81.47294520778807,77,81,84,0
47.1740303436697,344.796794193202,109.30627524352799,16,72,47,1
16.498545135027385,47.30412115024709,134.0874176875813,58,73,15,1
26.180135776296623,427.0913878838967,16.51395477323928,18,70,54,0
35.299438465311304,252.6217982368474,111.06699109935253,45,63,84,0
18.49966531777505,245.48742289005753,32.17473189414942,92,82,23,1
48.603213094687554,300.27981448316365,129.4356727077888,10,67,75,0
48.1411410996345,414.0936733033231,123.76420950994013,19,94,49,1
12.963223643355526,180.4265118720746,83.41509447290393,45,65,12,1
25.11380104167308,342.22791475394115,107.98520580038017,82,43,33,1
15.393476335930098,287.2086623579376,50.580766411643516,55,40,28,1
14.599604471684646,140.84385238301644,73.31934534525813,41,61,27,1
2.3259038940493735,440.5286933140274,124.13735016801839,41,98,73,1
30.673434532004894,400.73875058739475,71.59345359011601,15,85,97,0
25.382611649828643,332.6413989826285,56.88074847218906,57,10,44,1
3.048198186874473,426.78504725617853,76.66080485129348,47,64,71,1
14.292999979712267,434.97415847030317,125.09614160339666,26,31,10,1
45.45916135534936,357.097858590367,53.60516686877654,83,49,34,1
12.358313588015134,420.1365308981993,30.19543100468285,36,10,54,1
7.672296168515543,351.76101621794896,108.24203294796321,63,74,58,0
24.72791163373937,343.2689781625472,124.76684084267187,59,72,98,0
49.289697478474736,313.11957532544034,19.592434385912334,44,63,25,1
12.48173593981927,378.8311533832442,39.781746349611986,94,51,28,1
33.77070959659099,87.71650159360611,25.585938515344115,34,30,32,1
38.20017095877152,441.62667200747495,55.451504679414164,37,88,92,0
12.263058427623784,437.20332859516367,70.30089194128483,24,90,34,1
36.54670925628705,24.33116868693398,113.57981885967943,13,31,25,1
18.705265069603033,414.6502077767337,99.41639980784275,82,47,63,0
31.799138614382183,73.14623506198815,95.03464228437252,36,89,82,0
31.85972068266429,174.20823858697952,56.09436725839989,35,17,10,1
27.020846861700544,374.3190455828878,127.00989519729019,28,71,51,0
4.969343617693211,88.77234906367102,73.33663927273386,26,56,28,1
41.847473531667276,410.80384181834046,146.9702160121974,52,26,43,1
16.378613216100923,417.74574719929353,96.95061005288184,50,26,89,1
9.732666264792785,258.6591895428097,23.308387526852897,51,99,64,0
2.5183695069608136,13.129077141248455,103.04574650093792,59,22,27,1
29.74920068781797,150.64868525570725,52.14008223759635,93,26,43,1
34.03943591119298,312.29419000411366,104.51744351948413,49,47,98,0
1.3210975319288796,490.7812272334375,15.097966483548833,48,90,54,1
25.84860638581441,319.58862823816753,30.357808390514112,32,87,15,1
11.71154087229793,137.30375472143828,129.08190254133902,61,54,30,1
32.43605312526777,320.66279451880956,37.94103576840966,56,15,79,1
9.131138235747077,274.5928360607692,126.37096316022631,72,44,57,0
34.70141803607206,392.12424362406034,45.49503282588951,78,23,48,1
19.643399641876602,62.42051302520962,98.2178769585126,52,81,40,1
46.86813444246836,382.9036722259937,105.6518331589255,57,70,19,1
7.307286735226666,275.220623551294,79.33493920603267,43,24,39,1
17.382784376987797,481.86608189090737,49.270048121026036,49,63,27,1
6.116939301409159,177.51736135895618,35.83343457380894,84,36,69,0
46.27233410478886,319.98472763563456,9.812456411551802,70,22,97,1
43.92829799235856,466.69377169990855,49.072228179904954,59,40,82,0
13.268110571900202,60.22976671543284,99.70860462703604,76,44,24,1
33.169210278691864,469.24195874586104,141.05419867503,71,69,13,1
40.952498909960184,347.0640039273985,131.32464992814255,67,15,72,1
27.982440174173384,43.240158961534235,116.07939259761888,42,78,49,1
26.71770362862232,157.47214780393998,119.32486477172831,84,95,18,1
12.471688399572358,357.004323436188,101.42281100401931,25,67,18,1
5.108587006392011,43.00179471969813,42.74159434707044,91,58,35,1
44.912180018689675,295.2635254863739,136.54327945234533,57,32,13,1
45.070693829584854,179.4826979069488,102.25618522634593,19,98,90,0
31.838522135026764,314.24860370606376,86.2638914921638,91,43,25,1
17.281974656910684,32.4135965681313,21.093473035954755,47,35,24,1
17.785873943326713,437.0530350146644,69.82305385193169,28,56,61,0
36.43480610407685,487.0095948969245,71.75194932427931,45,14,78,1
44.906957867652565,484.75014908998884,130.36172338078714,68,99,14,1
44.410778001123305,377.3293975540331,84.26399192722933,72,29,29,1
39.10383951995238,73.74225766400966,60.1580796007094,86,15,88,1
32.28056648463725,381.5489660052211,146.6360476340456,55,79,27,1
4.6649282672549175,22.04758906481274,21.054486032315772,12,68,11,1
8.500621347683381,20.840540249208654,66.26952210523197,83,73,22,1
44.97843233209042,168.56900738327522,11.093577899853766,74,27,13,1
30.518238453149703,249.43516329828623,112.2860975112049,17,13,51,1
0.9552540550231676,387.4996347258187,138.12110006887684,60,26,83,1
5.522841371868589,344.8147345371875,45.60541278482097,90,23,70,1
33.34333757084876,228.49232612460668,129.45954313587254,82,87,17,1
0.750548400387825,144.0770664780163,47.371643416975175,15,22,76,1
8.459998545166183,498.59100507727845,137.0616734383677,98,16,72,1
27.662322573646012,218.82883809562674,114.32447602153367,48,53,18,1
34.74881228578832,231.179641921541,121.7114826420086,69,24,20,1
32.77208234537873,90.1756723839179,7.610950562065902,37,28,51,1
11.60133081829771,399.4566788874654,144.60750177573377,63,72,22,1
35.752871456703026,349.9042906329294,110.36729385019687,46,44,45,1
12.243829831091604,118.17711026649259,49.188908830989334,18,90,22,1
16.607285058883754,50.36671235176292,125.26222640453281,91,44,21,1
37.4513245533422,343.4446580166094,45.82057377016484,65,28,46,1
32.65682850283713,330.71049499775626,131.54930673708856,68,29,83,1
42.53655881946181,143.89716822912257,21.324156609730867,94,44,82,0
33.05183816886699,475.92314550270106,107.03446673181539,11,41,61,0
28.631275865105845,84.01836697264112,83.401279113512,70,57,80,0
5.136901007490578,221.84405251087495,18.997498178338915,67,53,11,1
18.70193225144196,472.37180088212347,40.07460509753165,69,33,65,0
13.62751720024541,215.66638529379992,6.798585260210644,49,70,69,0
12.577487347264636,322.8777143554019,72.97135499235334,45,26,32,1
48.66402246024606,204.8212550017692,48.683462810200055,46,80,49,1
19.95833737100464,144.36544915084832,91.76183522317503,88,59,73,0
44.65630448126711,492.1490475003158,48.09948211774949,27,74,94,0
31.74136198686451,210.57366309437108,48.48827116851278,72,41,32,1
39.8431595253116,448.10860980277585,112.76301381608249,31,45,38,1
25.38053610870701,122.67775688663222,11.98071121686125,20,22,87,1
29.056742289004777,114.42130497229081,135.91977430283814,67,79,99,0
24.879625844033765,25.255700613410568,128.57826178672133,66,67,60,0
10.164527896003202,329.31674443418365,101.83167906782894,86,23,78,1
36.26137970544451,190.57790842464297,91.01712766557073,13,46,98,0
14.398231940822361,433.5355424214222,134.38386223024958,95,88,40,1
1.7036403383569652,241.872854278863,31.872876031663594,16,77,59,1
32.45087864740481,484.4147796782137,16.45052851767015,70,49,29,1
9.266978630648923,100.90750269452936,39.728974636883024,63,68,64,0
47.052699925469256,435.6253522982493,120.21385041152759,97,89,90,0
47.71946456162807,390.53245786795344,10.027188675340081,77,25,11,1
45.7857873159122,387.75170387558546,89.506991087106,88,71,34,1
18.822855662644496,423.943781777275,149.33843984773995,10,13,22,1
1.2651025181789377,382.90175556206947,129.07593360644321,64,54,79,1
46.45176884809241,316.84795759939357,80.60962491132047,12,99,76,0
21.69511534170706,74.30999006436991,14.22793184656314,87,37,67,0
48.349413542661644,25.93782795071344,125.54915958592792,47,75,91,0
48.19918886591802,461.21544542968655,91.85188368569553,10,40,84,0
42.72396804563432,312.15865411516165,21.66528457363719,47,12,93,1
15.075220157444491,400.3032725783264,18.60930629938665,94,17,73,1
19.5623375657953,245.94595224114954,136.8958888183059,38,33,78,0
42.63126524008442,67.48101259157329,102.03403812602137,14,24,92,1
16.187639255235744,71.34103817924972,125.24658590092955,83,52,95,0
8.889890960961578,345.926990742196,132.45194054092877,30,40,68,0
28.06166249168833,220.8498885007367,87.90699104700673,80,82,69,0
46.839661320958655,108.25711608316499,80.02972100448099,76,54,92,0
34.953474935411165,250.88132790330408,67.41197449654358,56,75,71,0
28.718027919423566,41.4623791668157,50.957255229712295,93,17,25,1
5.310236441653043,295.1659869380554,68.0164143245132,92,80,97,0
30.942857721608902,141.80676817319787,117.21255008087267,44,66,77,0
49.50766558016103,400.8039593122222,92.27889749719408,77,89,24,1
7.43415875420794,162.07735987255114,134.4158770434527,78,39,98,0
26.157317792004967,233.05787305008258,69.29010208498222,10,83,64,0
43.929967060433796,15.694064554969312,93.02798891421934,77,27,44,1
37.16804657883312,45.49897501933385,96.53959519833836,21,78,64,0
35.00227917926576,202.32184263927556,90.7960885344172,69,48,23,1
35.27296215736191,245.1700290113905,106.88189709739987,36,69,58,0
18.29481198537788,304.0100685784588,39.42785291434691,65,52,92,0
15.03279629109242,152.9146635675586,79.29274774413965,32,54,16,1
40.56337719618642,350.54112420200585,20.11259640721041,34,32,39,1
40.60061303661945,431.45997462271026,60.75414250849782,30,78,92,0
43.42007976971513,392.1269845577414,75.71172495008334,70,15,58,1
45.70540735154533,29.413224420695002,99.57251763409351,72,65,98,0
25.81144874361642,245.44840415633618,142.82700262499952,61,13,25,1
25.32505658701638,61.41578742490569,92.0944046495116,97,32,60,0
40.01561135885537,128.60205777263846,112.82111784560117,34,15,81,1
32.67321457349937,493.46467070090176,78.4085786268044,64,41,91,0
35.247360424256314,79.82281602174149,96.94508454956804,55,27,89,1
39.891737137087,254.45519519116448,15.285171339397147,41,24,92,1
44.55526441996953,312.89630981587834,41.886779222067815,64,49,51,0
17.230760264151023,354.2078355666109,57.468698514745114,14,82,26,1
19.09135615567723,284.2278549085879,73.51153647594447,45,83,72,0
5.152106022123015,14.787715235399993,11.619068097845641,58,93,54,0
29.12486697931061,169.96604103955602,25.303494145231063,67,15,86,1
2.2791425529387332,263.67870525850856,45.138074629739336,48,72,16,1
23.54710189755678,53.054584580968346,145.87224018065234,89,76,36,1
27.36090941802504,181.80719629249856,53.04531602994236,94,20,19,1
14.683791980350078,26.269523307769617,74.89595342625196,70,52,43,1
29.746246398166033,48.503463605960164,33.43416834706697,18,26,45,1
2.009762371982947,204.49240533878208,93.5631103059864,15,13,34,1
2.3487353430861138,75.03071948109957,45.699066249816276,44,72,15,1
41.21872775265308,288.0950156481635,35.01392387357188,48,77,33,1
18.329436749857514,347.8378348772602,79.90303112466697,31,90,27,1
6.789495376268297,402.2874825634506,5.798340878261019,50,50,96,0
26.351041372712817,108.07361967995695,6.111284734137673,14,92,15,1
38.614680878381236,92.06646530694418,36.76497731976938,51,14,38,1
11.183140861093737,61.238241763856124,10.324597562619065,96,41,34,1
31.33307855304051,321.85082227638196,20.66373434895025,90,95,64,0
4.724699517191516,356.1731059785816,54.13479415411898,85,79,90,0
3.058245197846081,25.4772109645646,121.37492353907287,96,44,55,0
26.802054262623326,468.744000659408,87.94705328854862,89,31,33,1
27.261438519700274,35.46592898922148,79.33682026368038,76,74,84,0
32.052780124161224,275.23520429752455,47.55587936517764,39,93,35,1
36.44152101927175,357.43965453094904,140.10428931775837,66,31,37,1
48.80467793339546,436.7748706355819,62.567180979392795,95,20,12,1
26.056867240909167,359.90259674488965,17.628451185386865,82,86,84,0
16.486345410591674,402.846760704198,94.47464483708119,38,12,47,1
39.86171664105083,176.33059434597496,21.506567054107204,46,18,70,1
13.906196437472675,409.26430573579097,55.05735570624535,96,69,87,0
22.229085324928988,49.25627472849082,78.57473111408228,22,85,60,0
4.383590876442165,448.46016146965854,131.7622660793505,41,96,99,1
1.7548617990651467,278.32026431533075,76.56425414931721,55,23,57,1
48.15109652655729,410.4759072816219,106.82752107459132,32,27,30,1
41.88101596535419,231.63595941396707,148.9584416548652,54,82,63,0
34.95072320163805,325.3530706462972,24.065922385207337,26,32,65,0
20.74317074850636,267.9373038586955,44.83607120033033,94,83,68,0
9.078068843506866,368.4788656601126,62.213530961658726,75,92,81,0
8.243633612218758,49.99869119498889,66.16508588813055,15,56,60,0
12.88702345914747,39.572521155376265,64.59805591350414,27,78,29,1
27.686719902952962,131.08058466497175,136.60359537070048,31,56,95,0
35.872498173653085,88.17689325546229,108.53473344769418,42,96,68,0
33.1797701475277,437.1739476301788,93.14625604315205,39,39,80,0
14.35672789882417,117.41485380544171,49.8590440901034,90,34,18,1
47.765831392828105,488.17397535137434,124.44960571208773,41,37,10,1
37.02589737644054,175.07893796784236,143.48377416532338,51,34,38,1
27.940525599314334,99.23777868746265,124.07375096978285,87,83,72,0
30.780176938600437,396.95226849981475,5.226940252763571,19,87,81,0
21.2702030901756,332.7668099954293,97.27819867659402,45,67,65,0
12.762683980307294,254.1159010620381,12.414630309104606,43,50,77,0
18.12064759323745,282.1281399594393,42.35304694838967,82,34,44,1
38.01338246798627,362.40887135340927,13.631081550426895,37,87,12,1
1.2124776871729155,121.94282325233638,92.55034067766123,20,57,16,1
6.245595705092354,498.2036188678035,104.55553745642798,87,19,36,1
2.777130780076761,487.64864945192375,21.60070751955624,48,84,10,1
2.5160757147890216,328.6595863099991,60.65663804152202,56,20,89,1
42.845298908544855,107.77580095528111,71.1542937985536,28,94,80,0
35.33106403931117,343.3118387913327,58.5126881553329,24,30,53,0
23.971604539822597,45.377220399796165,22.54862507035299,37,95,96,0
5.342790952224573,25.019726080844972,65.74742957718394,33,54,50,0
24.8349858182832,136.2646153704947,113.92081693222063,81,16,84,1
23.936852653638002,236.685248802265,15.296111357322042,18,90,51,0
9.073492560545752,435.4535276501065,16.626102041876003,56,73,42,1
21.975656637279666,366.3128441854909,56.441837316217715,42,73,59,0
20.225984352669986,373.92619538799073,141.55022818474413,71,11,72,1
30.984579853584716,218.49173387955693,101.94303377482254,28,85,46,1
31.93713571794837,179.50814634801182,103.40714371752189,76,51,68,0
2.7425484837162037,191.8089938624553,57.47839867149042,83,91,90,0
19.043324424010326,493.9482862306683,91.08081472523807,49,63,57,0
31.480065827854702,29.653503792116418,6.46902168402279,56,84,14,1
25.405244799714342,434.8454330999998,97.23392672938363,74,25,57,1
42.896247138821956,293.55095020047276,137.42660739855432,38,27,12,1
33.105334765137776,224.92155540289932,93.82315290999878,59,68,56,0
8.565254140530769,365.3762536034169,131.68629605262004,22,99,71,0
3.9931529963212773,248.4677812981044,109.9760930425836,10,25,23,1
32.29975427121262,437.9773866600137,22.480970378535087,43,15,72,1
1.8123098718102797,451.3439133655167,135.85572955644705,57,66,70,1
29.495891273036435,216.64325416799315,14.634357431587357,86,56,40,1
47.0413969505354,145.64562064517528,82.42528351942575,57,57,26,1
28.985971804856007,300.2516610107475,25.60988295005136,58,51,33,1
19.714411347222836,457.0580393521786,6.69745855598109,73,85,32,1
32.342766812896485,113.22447261277662,66.19496771850766,70,69,91,0
23.183518079330074,315.2536259461066,47.78090260985265,38,86,59,0
27.50803107113878,319.46450784533505,75.47007160065243,48,13,87,1
47.102508034437996,369.2253809834877,88.69398357650986,97,11,88,1
19.612080571138325,74.4681657123573,11.342165484797366,35,99,88,0
48.07893290928375,360.7542326942234,22.835477792943117,26,68,79,0
45.31485677682515,455.42593512616406,86.00314748531167,80,36,36,1
10.191661172070173,98.04472334641856,54.75926621003544,22,36,24,1
3.93338439332069,126.39622921270005,110.73015569466996,78,88,59,0
5.4885110681826195,485.9835960804034,99.58228904583125,35,81,45,1
1.4019803697517115,98.67870682764999,127.61263263353649,58,16,17,1
5.1749265574184555,428.6486957510938,105.41145986703766,76,72,88,0
34.30883528410966,251.21614965953705,67.34000622157149,16,55,12,1
4.023838098781335,131.14322645755675,102.5801602471927,67,72,71,0
16.289293699541183,436.6674516235306,44.93027026703569,58,21,56,1
42.321327892988,228.1995749513061,49.41545732284084,62,22,86,1
1.6519608189233803,262.2605034255482,119.40284818851504,74,52,97,1
40.81618988815232,186.0243510058852,69.73082987822941,71,26,70,1
14.451811351283297,300.5459172031144,120.76514937516112,26,72,41,1
6.349158967271984,90.12669756666115,124.25124418190038,52,90,22,1
34.98848968552546,201.62995295936275,129.34653896088616,34,45,10,1
31.63267091560426,485.0120379442909,137.91210919697505,12,94,43,1
43.93486466958912,136.4853820235525,67.49285697442795,88,17,71,1
36.88601666829235,331.8009656252332,51.23568865656513,38,78,88,0
40.272306054050006,169.3431314701005,89.41881825614651,41,99,87,0
14.460711342279671,389.0018315864343,58.820001398456,35,89,91,0
9.28325741709628,74.12809375199141,92.15575418603377,25,45,80,0
37.65543020622249,485.2123120884869,107.30995008335456,34,37,40,1
40.43831959372957,232.35687527798322,104.81872768135985,63,56,73,0
49.53000452903333,125.66472703976734,59.3101686179176,37,85,34,1
20.92457500711561,46.0134061917062,29.19472924631916,82,39,47,1
18.914895246742766,93.18137349289496,67.42675407702009,65,32,23,1
38.93244155672885,264.68923479244864,25.676150891876766,74,25,17,1
17.369775242524383,175.13155645133028,134.06407010165222,95,23,63,1
46.57248761737645,416.15284928247866,55.15223180698933,89,83,11,1
42.99143121622908,221.13488659428492,27.39666334738195,50,80,90,0
21.73520435506341,131.86999356793865,8.689925186333877,60,61,87,0
37.66811785567912,312.4010434359747,98.64424601154022,80,46,98,0
37.84987226719178,356.32083627386845,97.35083603093777,87,38,65,0
5.604631507378664,91.85053487146543,54.38760415428729,38,76,93,0
45.17636888063855,92.13341598127566,15.398223882909395,92,24,94,1
25.50999243616893,27.968999197436055,64.39618975980864,28,56,70,0
41.409644572333214,370.83698738216384,50.12653678419207,75,55,31,1
16.34245525101528,335.2642185346845,103.18249276157636,50,61,44,1
44.828399810561926,242.5691291174088,92.8379911706401,54,28,25,1
19.765483097341075,423.64351999490657,57.866090588643296,24,86,59,0
1.0364637482747687,404.7783749455261,36.594420366973566,12,30,52,1
45.31640783275355,296.82363855440855,148.26521509256082,20,73,26,1
5.018690500913611,435.45292745149675,70.83023507343665,62,46,89,0
16.30602506072554,110.86219291801645,104.79976418813438,55,36,67,0
47.52806736901484,64.84061350488666,25.380180298862314,39,64,11,1
47.55505377340903,142.17730964332492,75.41050645061269,66,38,13,1
28.885175462102662,37.97255948376428,8.992824381072495,27,29,94,1
31.775942002405063,270.2730687205057,78.29099209701525,60,34,48,1
22.69805333792683,468.93678922453114,144.78252403206685,57,79,15,1
15.013933199054195,29.278334927569727,60.70997338294103,75,72,90,0
16.76889499581084,69.83385786491313,10.654421823362181,17,45,98,0
33.7896635758134,231.5775238588833,9.488589683304813,31,11,78,1
37.74253920716516,467.59875858867343,61.25808019229608,15,31,78,0
39.6831626644295,164.91649143860775,28.203615787163137,85,25,29,1
39.586098068330415,258.5450562573123,8.386053967586957,66,27,73,1
5.014702100910173,30.370700934692128,114.65097402277564,45,78,25,1
24.973805082777783,82.68816847142354,71.48583628787415,88,63,60,0
3.349158620823892,493.44876024983495,46.9404919360349,66,39,46,1
27.70167967502491,482.9081612536623,135.5120615373897,58,54,82,0
22.35575981798216,12.42059065786071,21.840149229076214,54,28,78,1
44.44135704653584,476.3877748573871,143.60823019852128,91,96,51,0
17.870293121327894,323.1687695295952,50.52517401971616,75,43,66,0
6.29481731316649,435.27996431481085,133.81853248475878,86,22,75,1
7.578088261615375,232.82252926059095,92.42671708952193,54,52,18,1
38.19477627001488,262.64205400383264,124.87256716251568,88,71,95,0
31.101794134154922,249.5348243258909,147.6819086655173,29,31,73,0
5.5055724680781175,336.76348619759113,46.81878848371813,73,61,95,0
4.663286902692373,78.42911483059332,144.36464538410098,76,61,31,1
35.19797200722644,24.687059037612197,61.47487476085095,92,45,43,1
4.1017688150275795,160.88567137968354,60.89922618685374,12,82,64,0
41.182072934872636,355.2935737409569,54.35613011690332,63,28,38,1
35.458990244246564,108.9081915402447,83.50410306539986,87,47,47,1
4.526764641774038,339.9818923292095,27.351031260880628,73,79,27,1
4.699466847217,485.25690259256254,85.28816537691162,49,88,80,1
49.338659135808186,56.01135073681501,83.54719779945059,68,66,74,0
19.026404389927954,339.57503793031185,115.47576282770615,64,29,10,1
18.8467862798111,227.43760745923987,125.87924448094991,71,18,97,1
40.73357857924638,435.38970464497766,68.86399579530149,13,41,13,1
47.388804580501,96.8033968292191,48.8383211559666,69,13,13,1
49.307052659232106,349.38671659082064,42.6035601109787,84,59,91,0
37.79222017031761,420.67649192757403,33.22045632220643,39,91,36,1
19.12484948378033,472.8609675422714,13.358899418858607,11,14,52,1
4.633285476584104,344.79153386192644,54.65495693103343,71,29,68,1
38.96877233840812,253.6156343641294,44.18591535896357,58,96,41,1
28.14101036192235,312.7451476985948,145.13052095062906,18,84,42,1
21.498989457725326,435.76344239457194,85.86777980625637,40,46,37,1
45.36454206218943,289.59877585302655,55.35517065942359,70,31,64,0
6.004275374154491,24.889659251450063,89.16780214408591,88,67,69,0
24.884942662397528,466.1648607984191,25.183521695125847,57,77,79,0
1.0620054159872439,347.86810800546493,69.38634363431942,34,53,71,1
23.69870177870925,341.4915590308508,95.80397660605425,45,43,89,0
3.287012146250949,115.68082467488142,75.89018560990544,17,86,43,1
6.38148685526956,332.85388041400205,63.257926094877014,82,51,96,0
6.317549215466691,202.99355877053765,149.10801639045624,67,18,97,1
32.635909954745145,329.1041587503311,132.64564051159442,54,16,65,1
37.429221523638454,62.230584850915456,95.39386393311882,71,77,22,1
29.3767538723094,332.34419925548764,87.559717371431,48,28,65,1
48.12754114948982,499.71272562762664,94.99576957456469,67,40,27,1
19.056093686423353,33.62389904167245,34.19025563425282,90,44,63,0
14.642748270952106,488.81535026844546,62.2949727733262,92,66,86,0
43.495656845378285,209.3849007542066,10.7216322691804,73,94,52,0
11.567994006712906,436.66919066525696,73.95417543558986,53,70,48,1
48.17951570231026,393.36888718855397,83.73856467386116,38,40,70,0
1.101646497145909,287.83796788346723,38.02371173496539,68,92,51,1
48.50900192202813,371.84011253315,144.7841828389995,80,62,90,0
2.6364156415535174,440.47262503766046,136.87091858590009,18,41,88,1
44.61158412805452,208.02875760900616,109.71076914110635,15,75,27,1
26.621204899771843,170.24624916598697,82.34106117097757,38,68,32,1
49.651757407905365,337.1207589261565,131.1455281489143,67,19,63,1
4.152929954402244,405.8445115512167,23.94458985440212,26,11,39,1
27.915787077865378,383.5197160405417,119.62392016985832,25,75,67,0
48.4804755131454,400.9286879407309,23.099018025193004,96,69,77,0
26.393343286422365,223.43582425833716,120.16054606966378,12,97,76,0
31.655232587695494,410.7387659257606,44.98629739644676,30,26,80,1
34.93956010473855,68.90243713159813,132.1781342476374,73,25,27,1
22.999782706004776,276.7996580008163,141.8861036046827,99,25,16,1
31.56412496416114,12.82174364407957,26.575415563741767,45,55,49,1
29.42355844019346,169.04705665113244,72.08796273448206,95,48,79,0
45.10732151930395,189.56615208698497,147.24316983358935,71,40,95,0
2.7495958269021648,204.12461888853514,75.09407821610625,51,97,74,0
14.407677884815401,350.7789312780325,130.21439076460905,85,10,77,1
47.54536846178966,200.3934696224694,90.36607070904138,51,20,58,1
44.56805730260036,229.85987508504002,59.42283664834227,70,94,61,0
23.055009262892792,126.39662412842046,46.43861555125118,22,13,38,1
31.19656359117607,192.89337789837663,34.46734820748266,20,80,30,1
14.230368557566068,121.36211735894422,115.4607377497661,63,35,99,0
9.811997406326185,45.86600264653738,61.04837348933904,25,59,87,0
23.453071044529118,305.68981075687515,79.13494201910892,17,21,18,1
17.990935287289613,337.42427129195795,76.38719460017138,68,90,56,0
29.390977536618166,313.5502695447111,88.70545923880402,66,84,85,0
4.347864529766749,237.11208146228046,130.50868611556007,49,74,51,0
48.73254297947524,196.09503228782262,147.20720481959725,68,56,60,0
49.317431851740345,433.0334882901944,64.09971024320345,11,62,65,0
35.059004843977384,264.35007471674686,124.99024370541395,85,80,60,0
27.036770134033958,244.79912003856816,115.85653022493406,19,11,79,1
15.821617006173224,22.564612245153487,88.16169796105812,53,33,29,1
40.78285347549396,177.21143553681662,143.6268358237303,20,13,97,1
34.394193041417026,196.29585320506996,34.0688047516184,88,28,36,1
8.549538497572119,205.42316263948123,20.843310494895107,89,35,47,1
45.5908956324452,294.2844609213928,128.8244852085362,90,84,81,0
41.215593524696864,271.46524789617047,68.6767234118935,99,49,74,0
47.51509570795024,307.87349546878784,127.81048386002377,11,59,63,0
36.42311566522382,384.79279815564286,134.49807975333516,59,52,33,1
30.864052198821597,408.3630119708858,14.05635107476536,21,84,56,0
21.203030296385634,361.88030735098226,133.1023906329788,99,76,80,0
46.670059926023654,478.206611017918,70.00626302856621,32,21,92,1
43.370162530270214,18.9339655114172,79.01271090561367,27,76,95,0
2.7383241702563756,105.93121298493759,95.85591410851548,71,36,72,0
1.8051652376139742,13.705808739289639,139.32547797586258,71,63,66,0
19.134936660463456,327.26260993575545,7.771833692315784,47,75,64,0
40.622389873700726,450.0349689854936,74.14230290608347,76,58,69,0
49.37016840108975,129.30632532238664,104.7196961524313,47,25,71,1
7.945636109624645,464.24692695019024,109.79250886624312,76,11,39,1
29.909470409930687,39.531021241884815,105.41720257288065,70,69,31,1
19.354097403235563,467.873653134702,24.49309376417767,10,63,84,0
48.51076269182286,182.29511674742085,48.41236031389378,54,39,93,0
42.18488669521758,59.696205940116094,57.01375118546695,37,93,38,1
41.997270883201324,248.07716200129957,121.64339511352823,30,47,50,0
23.70031140985103,135.82051818304888,45.42018150011019,22,37,51,0
21.033565365714427,149.5877219613422,35.552219760744464,36,34,74,0
14.03365006056996,160.57208281388043,143.82996276052396,16,19,40,1
3.290587084220892,403.4826899380051,6.28517634145299,31,69,39,1
43.303757624625135,274.1890255708747,149.68402407388683,83,51,27,1
40.73859995193884,162.5407725864418,103.13908833432237,62,49,26,1
49.986024827663464,309.06355382235,125.12804842012197,88,86,47,1
49.83352343515832,360.91383036936486,47.71981247019801,88,51,23,1
27.993869427330058,143.58576035943153,7.075715261723697,13,56,96,0
38.56487705143527,212.63905974742224,111.99108019142186,32,46,98,0
47.26590362918019,69.7241857351043,125.95096656509799,79,89,88,0
42.557545838531865,98.76318127199336,112.36903913326027,97,31,65,0
12.743731036288285,343.74774844284156,25.713291658621596,93,66,31,1
22.801934697849628,98.9047903708572,114.24704872726052,93,93,76,0
6.893391049999002,267.33005799685947,116.49380340560795,85,36,65,0
47.725525849306756,357.432668243992,100.48837477215795,42,50,28,1
30.505644405318563,62.36969231642448,116.08681025536,37,89,66,0
11.817818872421405,287.9829876181627,127.65860875327117,17,43,53,0
33.74918387808991,135.71576401366826,93.97259656443147,10,41,44,1
31.097347902665845,481.83416886641413,17.847683525603465,46,99,10,1
18.229054542625605,246.93736689276312,75.70603240174557,72,98,61,0
6.121100813881636,404.93634938982746,16.259153527382736,31,75,94,0
33.74287318184358,279.61100565656824,64.09373949970248,79,21,79,1
26.255231194737767,31.27214109886139,64.030440923216,30,49,46,1
38.729760390914144,320.24417404107095,14.571427400335029,44,82,74,0
26.24809330504367,476.18763768126195,55.5789774255745,88,85,60,0
42.682984265767736,304.7897918717023,21.09472432474065,14,99,10,1
27.819388519337036,411.4025411191272,122.19410545133721,69,82,30,1
28.26642959100162,443.26116704071984,142.41476376484826,55,19,62,1
43.89435333158808,121.75908825497692,15.485888912401098,59,57,25,1
20.472401877513654,113.90197155503105,143.4917050572967,57,29,70,1
7.133753808306716,309.38068453698594,80.77360690382805,15,48,63,0
1.924742477510279,211.4039502052853,48.43702330331172,98,69,49,1
37.87929415584414,421.53203840469297,16.14500091504371,65,75,35,1
31.2053227919965,451.0113304650255,77.59051887021059,68,74,89,0
35.35194852091157,183.17647585833188,120.20475395115857,38,60,74,0
11.041725994691081,126.06657389749621,107.52753920367124,80,45,83,0
7.250388041545103,392.4575024694923,12.282771662276197,86,33,73,0
1.2199609505601554,144.6549574185867,15.570766128346008,27,36,52,1
17.85408416092655,413.08101607170244,63.41662598173238,11,11,26,1
29.700925499304336,217.63174428789378,47.817121636951775,17,40,68,0
19.916080232436748,337.0994506528205,38.695726843126934,84,66,32,1
22.15500864017459,56.812303778987406,45.745652341763474,63,87,16,1
45.25585537744055,315.6910690915208,121.50499777804828,47,75,53,0
17.73864561765337,231.36616258124226,139.7380677766188,57,38,62,0
25.942479713410634,297.4381469559823,63.73989070649713,36,24,80,1
39.29082413068658,92.32696179498308,136.38609530921207,29,21,88,1
20.12886772490287,371.06813502264924,51.61687668094289,21,37,43,1
31.29329166127974,432.77056799618197,74.08336301984978,52,93,55,0
43.18700358296389,116.20250204448007,37.77420468331996,70,33,77,0
47.501270871053286,56.90013220487925,97.86902611549738,40,30,87,0
7.7801373059873775,21.582907162704835,146.9522617003473,70,19,87,1
46.366087445493974,324.56603521720035,92.50649892628991,83,87,25,1
24.85975650743714,307.4760776835026,56.88304219646459,76,27,80,1
13.283097220798439,277.8817322298943,98.93352966862662,44,97,28,1
23.227219933793936,123.65407709682795,22.823498377481197,24,23,11,1
49.011612476631115,201.5439379937022,133.8555666384828,25,43,19,1
24.884595652647047,301.2934042412248,77.94717286307628,22,67,59,0
16.773204709231656,253.415760840993,70.1557125957481,44,85,90,0
31.853342288677926,494.01490490529477,89.95039432576029,84,31,21,1
12.387208129520557,76.85547875279923,95.59366010446335,68,79,79,0
4.255234741378864,350.62083148332096,15.40749190284439,30,45,31,1
6.879546234577137,208.11619637110314,103.97949707739335,63,54,41,1
6.838269028409735,219.81781131355123,40.08009364575179,84,45,93,0
8.01918332885857,361.62290517250636,108.52313171345553,39,31,10,1
7.371945046145802,349.29371414894115,124.26754518570853,57,87,63,0
32.223299867759124,495.71543691407226,121.57398359511544,44,89,67,0
9.503064177757668,72.91320183252137,85.11264027414393,95,70,79,0
17.610530524531228,61.0137281982415,80.42463438505892,47,65,92,0
44.89102629034758,364.92602039308315,25.7170143942147,40,98,27,1
23.96110119301218,293.40958933314045,117.42519180845466,87,42,15,1
33.54410805679085,144.33872661430487,44.35436016477358,33,54,54,0
9.029833624480677,48.91549080460344,77.02083630860224,58,45,32,1
10.018306431029202,51.972542302250964,46.219743474489924,41,29,32,1
2.5229965051907035,448.153528585418,24.405112634955504,64,27,35,1
8.862285622072145,104.01498911218403,96.2858660493018,88,47,86,0
14.290221782081952,168.45206543660518,12.878145049321056,67,76,16,1
9.262018971698968,121.06163709122413,113.553558948299,12,32,88,0
4.890775420974252,183.94818985764928,51.05008531286192,89,25,53,1
6.47147561947974,44.01768294558575,5.019530485650371,78,68,36,1
23.308549017619924,264.3392975450525,79.11372518939832,94,78,35,1
10.713519061086728,43.1301561601853,11.793526736502454,19,77,88,0
18.531358121879734,402.17468883295714,45.044585884030425,92,30,45,1
25.419154907315416,124.51892013611219,107.51159068107884,34,87,64,0
34.67454401715358,274.6058381562102,14.08999513517055,77,87,73,0
2.445950922134397,441.23875290511455,126.70408139162033,70,79,66,1
40.07081474599761,328.9299108331251,5.553888785494551,38,21,78,1
31.581069279799934,271.1493154101543,40.789461034275824,28,25,70,1
4.547072081469159,168.92353902653406,112.43108814205036,52,90,11,1
43.74214189328547,173.170937398517,50.859171710749486,75,96,64,0
46.083183826324756,338.04860804711313,19.774396269571962,83,23,89,1
3.5233590128157557,497.12828699837206,57.233918226062045,70,70,96,1
14.205443583286584,334.30120302619554,44.207026525756206,52,80,47,1
40.40696334975654,283.3138745113122,127.19322581328046,34,55,89,0
37.53885467399109,368.0187500172306,50.43544804984575,29,41,87,0
9.633790458140677,237.95075001902188,119.39520840752105,57,24,38,1
10.86279150516716,39.46974787438475,134.32146099755653,92,53,35,1
18.83836908817341,285.5254397801758,67.90352583859678,96,26,44,1
24.483887766955554,479.2363894076363,136.94175585888684,33,50,88,0
31.10361119074965,95.89844175525323,59.71111782466296,20,63,76,0
18.761225158703734,348.1023965021262,144.7913703910657,64,53,96,0
23.395468448590822,108.45750744293767,17.946981056208074,37,14,38,1
37.49981143762095,272.5555653918098,104.6177936429702,78,36,43,1
2.315818543084596,57.37146032689262,76.60303586625466,72,96,50,0
12.995628745029027,230.6817587665107,61.209076791068824,68,87,50,0
35.81080450128535,380.5200311586706,96.74322241854713,14,88,32,1
44.81273846551637,180.31004687710123,107.05927828697803,60,52,80,0
25.828033384725472,335.80674499873686,5.632674099294817,30,40,12,1
26.839617520633126,399.7704807869673,29.208197868343813,21,26,67,1
5.805014561318915,464.3171315449318,108.3916773419762,59,92,41,1
22.646912157761005,124.97462010917224,101.62588496883994,13,63,40,1
26.864554689523647,205.664798746561,145.0768882436582,51,71,91,0
12.502289929919119,84.68384653190454,115.35047958636353,93,96,52,0
13.827539931994357,496.31691605760386,142.86204262104403,47,41,16,1
19.175566073678823,464.2304742829047,106.86837272254701,34,49,10,1
1.4935242899974552,274.5789938374742,48.217570252719256,23,22,70,1
16.442918696367325,422.59631424444643,20.277913726374187,84,93,23,1
10.96667634632896,265.26940886330067,118.36446018501566,41,44,61,0
16.711118932806777,315.5569871213523,98.40163711400781,20,14,15,1
6.428225525052936,53.670971736848145,11.986971797027953,70,82,19,1
44.5811003966248,380.0825060434359,57.20731755564186,27,38,80,0
29.882826450925407,72.57960698126507,143.7359732452215,36,79,99,0
34.11556479765223,414.7731388237389,77.55816612797918,64,34,39,1
39.56397631106324,393.1937629584891,67.74572472285718,63,31,30,1
25.172888846988336,357.28490189405846,71.36644274809763,91,75,69,0
4.802554260327473,27.718586457133437,35.287994980748735,96,54,90,0
27.086773820018117,158.532894413211,58.46253977539531,84,78,83,0
29.548635342033517,138.925159256313,58.62292211814061,30,98,72,0
37.399253972124335,186.46683966104436,12.591477927183497,53,81,51,0
21.86714753836913,52.944945914280886,116.29730613509815,14,10,60,1
6.815224988380406,469.10933328522077,65.39314262606246,96,93,73,0
14.546907337036862,281.36309794906435,124.21608358838138,50,53,85,0
18.472573671732437,159.70691222243153,128.30046016238484,68,96,65,0
32.472903445914255,204.52094336639888,35.73913793130542,98,84,89,0
28.75352608111114,229.12924484736948,100.31625491466865,63,48,50,0
18.12678793194339,304.29122334670245,73.48086160363235,83,63,41,1
49.33250481525249,262.68291957128395,132.62272699861535,31,97,24,1
30.485853558165914,460.5020668750645,36.28239848058585,92,84,71,0
12.242726190931727,253.51210662385682,103.28291404495641,74,38,36,1
5.538232394709985,496.1574272634232,93.12405772664478,73,63,37,1
8.066527389624436,427.1982292950969,47.81871424791575,80,99,90,0
12.674907555033153,112.17015203509455,24.807131029420027,13,25,73,1
8.453727976348006,465.991655175519,99.4877652692051,74,29,68,1
9.735067690539635,67.01953496388329,112.09663142918795,24,55,67,0
14.61221085034543,410.55035716068386,50.76596484568575,85,76,11,1
9.081992967090363,196.50541380352425,98.5007275832355,31,74,45,1
44.889888519008046,440.2074170180841,62.29398160366797,95,67,80,0
4.471570410251289,435.3477781526507,108.41499807597957,56,62,22,1
26.463313783727607,404.90344605763437,33.886214859637704,90,10,24,1
20.814642935988246,397.1149137904601,134.08117538224528,55,90,98,0
49.12774153697602,159.29277815804,46.67439148750906,23,75,96,0
6.045925657318591,49.65044869511357,58.32896822464217,59,38,69,0
20.19385215276421,207.46028759492913,13.423333051650719,29,93,31,1
48.48878644713076,95.02701234338925,21.169270786585077,59,79,72,0
43.342602731752024,350.52603356220624,79.79997589328758,42,17,99,1
40.94506751198936,179.5888660035149,43.80093812555587,68,38,84,0
13.266189938724521,488.0489984213583,126.14463273261819,52,60,83,0
8.958935575808258,324.0763178992127,7.130541354968307,88,42,34,1
33.59783938625933,413.01547618083686,59.96863705743075,21,12,57,1
46.5041114618155,74.93708964350573,53.91510428151844,49,69,52,0
28.059763204189526,432.38709631358506,7.80250648305215,29,44,47,1
28.79482812876004,462.1510233515632,23.03341785507398,47,78,50,0
14.358965136184066,248.6603402212786,64.97818786320212,12,85,54,0
38.58990019300088,307.06393949797894,76.46536474487976,37,93,97,0
9.758665553597407,384.75680244246774,63.62201335195602,65,29,49,1
16.522122202010063,95.67092735760215,81.9859633697536,99,82,26,1
21.55910371151263,256.2573774670868,91.29409286132382,22,48,97,0
25.626713744880522,205.34488360843343,6.438954063536166,86,13,66,1
12.499281754546471,81.72325615950207,72.29379812075807,75,28,11,1
6.184422824590575,190.09186692285041,144.7073899287003,46,54,71,0
30.72569210086081,43.40443159889185,80.25968061878456,58,52,97,0
14.78721238539266,22.647834405248624,103.24362878154821,75,22,18,1
29.27129196041931,76.23148168586316,50.22025939794806,45,22,77,1
8.140954406073014,481.9264046786952,117.22874983215057,63,69,90,0
24.316435041813467,279.2694725885583,117.07361487203669,35,66,26,1
26.8631769113035,483.2528589650778,80.58792690985015,84,95,59,0
3.065265072710132,221.92396038176466,146.52200437548598,81,61,49,1
17.16191177059907,162.78990521177718,23.20478114058474,49,62,67,0
7.153526508479225,258.0095127917196,7.457411408989244,52,95,84,0
3.6370610384020035,225.36072743012596,116.67294070477892,31,52,94,0
49.50303150330229,61.77569528825452,122.03755291790797,29,92,30,1
16.456515326248788,324.00489419820104,22.430048222483556,17,81,27,1
40.58878506980442,115.85870942970381,43.50951077899788,38,81,64,0
13.10471241080631,313.5980978999365,7.545092688161192,49,51,38,1
34.2343847500845,328.5985352750952,47.52974856318188,99,99,33,1
38.131279064539484,84.49217803303758,117.10557171820737,39,35,83,0
29.98411766008829,40.0613172842274,80.10427651832394,90,32,26,1
23.84302133323284,392.5731771735355,55.47386100940177,93,52,27,1
20.886125250289794,235.30220764696688,58.902197761417895,64,86,51,0
17.768979193878266,38.50025979768314,5.196275728742882,25,37,93,0
46.51169264026738,497.4844954131859,48.471076496959206,55,18,54,1
41.61566068549259,38.312474888219654,98.73651753749992,71,29,91,1
48.26883207799237,350.56726214069107,146.25819435337178,16,65,26,1
6.652712562534464,492.0026733790727,127.82381991266543,89,92,82,0
36.677940022580394,127.19825106580355,8.421269873601723,54,48,23,1
46.94785261264137,79.70219065672613,135.2912876778517,68,60,58,0
9.471036775200178,69.47862031699016,118.56376992830076,65,21,38,1
3.791565234655486,158.6048223081218,118.15453791779215,57,88,13,1
37.18547213985792,59.51244739521688,71.40938505551786,36,64,91,0
28.93641910240564,349.1590574301246,62.71076747840291,62,87,29,1
42.17052444953447,40.52298108373072,48.92278068081293,96,20,56,1
7.41873264300133,259.6168427933969,14.525754548383038,97,35,18,1
39.86573193706457,498.3814583879586,38.09412770658637,82,51,86,0
10.480552342363355,408.8454320579492,40.75752707181357,44,36,88,0
8.600969171852373,311.4575247331953,75.19117510797923,60,20,36,1
8.631156997584151,160.06427418543973,113.37943895652063,93,47,24,1
40.821448651453416,315.70895978290287,73.70242511770226,46,52,28,1
33.42726242446191,268.2503173167093,13.387445169838287,90,28,99,1
26.391738526071407,218.78085810628204,143.87952114328957,66,73,61,0
18.262108964113374,74.04808460269774,141.69502626864627,17,15,35,1
43.92142677024886,444.4360654678287,118.85248375651922,88,55,98,0
19.926032817420452,230.39447792244803,148.74254572681198,29,51,35,1
40.92167225384306,105.36503079217488,83.94993825603812,62,74,35,1
22.237177974225812,190.20208192987192,144.60141078671487,21,81,55,0
19.158749256532925,212.92357873917425,15.962730889428862,58,68,58,0
23.402649390645518,415.4935688277684,58.02370849789884,26,61,91,0
15.418204771125033,369.471046475087,37.68028386098105,73,56,62,0
37.50666431872443,386.95939788425653,33.39579719946916,51,16,12,1
25.384659309577717,15.405319570037134,25.416427589438033,38,20,75,1
11.994528409767456,213.91545910808313,95.24997802706952,28,70,51,0
45.02894137709114,245.85863430130857,118.29166908335924,20,77,28,1
19.502615457973963,19.404215643297775,88.8532679159523,59,34,26,1
27.405866625142437,137.30847228506678,26.309592890290403,80,21,42,1
45.37036949274508,382.54201332984616,122.61294664035329,67,35,85,0
31.399780797742608,77.18375580720954,97.21343253874063,43,21,58,1
6.286453015064022,272.3019644117699,61.28402738841435,29,52,65,0
47.02169011886702,115.44891728844638,102.74889285272913,59,60,72,0
31.571548627035185,15.939179575507705,42.68622199021076,97,46,12,1
17.077827925525764,128.18871422377532,55.05287023166052,19,55,58,0
7.393967596837669,488.17813990592634,138.03544725413857,41,62,64,0
39.80424686887965,402.7531848226649,47.123153322355954,61,97,35,1
31.19360141846142,480.1925557173064,73.1482988829008,24,89,81,0
26.906324052827916,249.0484815239176,134.07046492242213,93,22,61,1
44.747682861022405,63.77073735197672,107.61959578879149,12,98,16,1
39.53556195561427,278.50014959710956,14.0194677938819,46,63,55,0
8.007906546771183,232.64489393438083,26.358941420450698,49,66,55,0
15.930242355879637,423.7349705424118,6.1370306619279384,81,13,25,1
12.800212420816054,58.06046458427985,96.48365958322869,49,84,33,1
37.32534148234751,249.23815714067132,69.91264668451066,65,58,70,0
2.1598555194210793,83.52384570005229,24.469853380829953,32,16,63,1
28.70953940113017,169.0912041761294,143.90044755323171,20,20,71,1
38.241704944164184,371.30496792002185,81.80065997211489,73,63,10,1
43.899899019706595,243.2488833906956,40.07452764636893,17,96,58,0
17.43304656143742,194.18525972142697,77.5875178174326,65,54,34,1
41.15223658126464,203.2933764993173,103.54494824659064,69,32,19,1
5.9762709792827575,235.12891651893347,16.054686606166847,19,37,89,0
42.39938844085865,394.65810648015787,44.83205318194434,48,66,25,1
6.81068878543313,447.12149758071484,122.00999617817908,37,35,67,0
20.165720882738178,478.11399638692484,71.65140620838588,58,34,81,0
39.966120606087905,395.5826592650946,84.25368559468276,45,63,38,1
7.920912653764302,164.54937891652622,67.75832032037304,22,38,15,1
11.847944064015753,347.1860059824057,11.365491683235742,45,92,25,1
36.25150213545678,224.42553078714204,29.03371807392261,35,45,29,1
36.14180855903068,134.7886048025651,69.60353761757418,95,23,89,1
32.23680782782222,422.02707391870206,35.331892484149535,13,87,80,0
34.85044800112145,28.82891099153925,12.246959155653418,91,44,87,0
27.364859945706012,451.8633761463575,127.32920128751444,73,39,52,0
12.964053415894162,236.12395766611974,147.2729167287968,47,26,35,1
17.61195167844401,322.2287236360574,120.00571672952722,97,76,99,0
9.489086981670571,333.0834218808335,128.7988136471767,96,89,87,0
45.468302786014604,448.6076929462028,40.08668389597158,31,39,80,0
29.37789384092296,321.96814426193157,144.29091144941395,11,54,42,1
20.342145129800173,310.8274565324303,33.55422714574712,40,88,35,1
23.36928728038457,42.65949987473808,142.95732250246567,20,98,54,0
47.39052531078486,264.01993075315,149.2487976250629,55,60,93,0
8.09089445424597,83.58281040035041,108.19980683317706,71,56,72,0
29.518376684831463,371.3425466735279,147.26584110981418,78,62,76,0
25.541489604781066,260.9887411982105,87.58326803723003,73,73,61,0
30.76698465401507,343.31161181209313,42.633558560533096,19,47,77,0
1.3964540991316052,30.41972129516829,68.36440342151502,49,73,35,1
43.670133492735495,51.54808786244358,91.06633562992397,33,96,84,0
46.639854982938814,360.9984601507143,15.596826493917174,53,98,11,1
28.474092587665844,45.321324639349946,95.23977336950068,69,16,23,1
34.984215781906165,44.91579660497671,147.2707863305327,71,31,39,1
46.16371936827613,15.93315286509485,32.5656092186405,96,90,58,0
35.50831239851323,478.68568516674526,119.92629186181559,26,91,21,1
8.050682624255938,371.3790961349134,136.6453250980448,74,50,99,0
29.026273828257253,183.09319016601142,141.836730958932,66,83,53,0
30.532394795951365,155.30243483095106,144.21966263878986,64,19,42,1
21.494468229468108,181.35458257546628,80.61164761461343,62,66,22,1
36.95398966342378,389.5802302787791,146.70964665876804,65,16,87,1
46.75116723106623,334.07159942450306,114.80998003449363,18,59,97,0
46.31564138888543,100.7458282550593,28.442358254359476,31,61,35,1
22.816548884504538,95.31357431370132,74.15051543785565,22,42,30,1
6.105283269117385,58.213868359564685,109.15802042894057,98,10,37,1
49.24963934863556,333.5483326536557,40.864345793767086,57,62,57,0
42.02545527907374,384.5426044886506,97.88920161458867,27,69,49,1
6.670802719561709,139.87274987925198,101.65706946175979,85,43,75,0
46.08167318955993,20.26303090514728,28.591462852242053,49,13,82,1
43.55986992207535,50.2641170634494,86.93737030564967,26,26,96,1
26.18248382774057,484.25141707406493,116.88590209189812,24,13,88,1
29.768134069373996,154.76794096393593,77.33987135771157,24,52,86,0
20.25063384157145,386.91934244068545,6.754951932535577,88,99,32,1
3.210701121690551,316.0851487385892,6.310578016497366,72,13,90,1
17.092263461472097,197.150423429919,56.76925487565177,48,10,57,1
40.241245705601564,110.786758475822,139.29813992260839,22,80,11,1
0.7292851387278415,69.47934489810915,38.158133042523275,90,59,93,0
17.008208998711638,311.35635433904463,96.98273488639464,41,82,29,1
20.209350332751693,389.5705525125161,37.20100125053148,18,70,68,0
27.101082345427184,325.51308423515405,51.64214850063455,49,44,55,0
46.032853012431644,269.8480452920876,127.96610299221517,29,17,12,1
17.644126721115082,30.556099481501768,110.6849091291423,99,33,64,0
17.67418349386327,484.5595010212481,18.832895210415543,94,92,21,1
37.006311781432544,401.3699539107416,67.16179304303287,91,45,49,1
22.884788074045453,153.48279798347272,9.229615728563349,86,59,75,0
11.617938735529107,490.1854613858368,74.7290712574363,89,52,87,0
22.895756048568323,304.9219789217978,101.05293169665487,82,36,25,1
7.472422508800093,295.3871025215508,22.182880421731976,72,41,92,0
9.231155832058054,376.5558579204707,46.88831614182902,85,87,43,1
25.169204750604248,407.7671961641674,62.68631069781276,53,27,53,1
21.23680975047512,331.6745175924363,138.33199857512722,47,37,15,1
45.78487210287095,72.766915719438,149.02197723632977,92,38,86,0
18.43849800627334,175.75107793730422,11.5121383543643,69,25,73,1
29.23912333876315,464.7609837597644,115.34614890683184,80,56,31,1
31.797082252016754,120.06164980348744,58.89998962833977,57,68,27,1
1.148175601122515,192.36184168038153,61.906437003274604,27,40,21,1
33.34509991482717,221.71767264265603,114.36842113531829,25,13,61,1
9.312780360052695,225.30844495028157,138.17183266108427,64,46,60,0
48.07298071473803,310.3403954223175,142.88464620286953,48,26,80,1
7.858805023779091,472.10716049490674,88.68277497555651,77,48,57,0
21.023894124487676,127.93942879792743,56.78256809857291,68,57,28,1
4.724808569892871,69.53567438744986,119.194617449523,98,55,15,1
49.845275466374396,106.76054003136929,41.395200573033534,71,99,93,0
25.35865301139651,444.5932011025421,86.79073418086007,22,57,36,1
29.971558357342168,326.44729820105096,56.99387692110661,90,48,62,0
3.8202856307271604,150.09432672718847,100.21150568764203,15,13,57,1
37.6230432847593,409.81400009462243,39.8578423695585,92,39,16,1
10.890326858231495,432.07129821808365,32.78097713154973,86,39,68,0
44.95368732731533,424.79202595823625,138.14466756793837,69,31,78,0
10.654412203859355,460.2740014833817,19.76153402768285,99,84,20,1
9.939042172851495,133.59809988494717,78.36389662156509,23,75,24,1
2.3092085584806963,379.97054508567635,37.02365352963629,63,21,73,1
23.86731378294496,235.66435366432862,10.64484468222178,13,45,12,1
28.459636096499512,422.57929091613016,10.222728652256826,48,27,78,1
3.752577651703442,366.9604318091905,30.407156955344966,81,99,32,1
38.888617026403026,390.45924878486505,130.68170140337003,34,62,62,0
22.937797320027368,331.519300463725,45.959417876668866,86,80,46,1
26.45731833171521,96.94009704015636,142.81657973341788,41,10,18,1
22.317755973442292,277.0631902594998,89.33523248343306,68,67,24,1
20.337771513328637,492.48817236700904,68.30905751647109,72,99,12,1
28.202196399756787,469.32015258358825,89.11288102707091,47,96,79,0
8.18439217357027,31.15513054053572,79.92126585780882,62,99,26,1
9.50544245951592,90.75925970742419,115.02255679481215,76,15,35,1
43.1583882401691,74.54709899273533,45.96192956606358,37,79,30,1
47.33271537561482,365.7301558927948,56.19230678204384,12,53,81,0
18.978811155847772,410.71481162990307,134.64367386732135,89,81,30,1
13.901861320605912,114.62056949222924,142.2361944068088,31,33,20,1
32.37797739033128,257.8678195463962,134.4209429855388,47,95,47,1
20.73234146935577,421.944483725488,65.81995912381046,81,28,81,1
1.7566246051870706,369.0727569354628,118.15299793599785,81,27,97,1
8.229553569626422,275.69623069100567,74.06868132865932,71,39,44,1
35.94062532794618,299.2703683247987,77.14327856118481,66,51,23,1
33.11673512455249,259.0966679889772,34.67861581330617,15,42,23,1
1.8412516289224328,155.79874114622208,90.71389397248488,87,83,19,1
11.487622015680998,286.8607765009179,31.98970517423545,41,21,21,1
11.938202431109534,347.55379800454443,53.076881364743095,19,36,47,1
33.758690808137054,437.9282287717958,128.9793792348906,12,48,43,1
1.4756716188410257,321.7827634498316,35.025992335574,68,18,50,1
5.653374808236405,382.9495531511474,15.317951350147757,85,30,19,1
40.09584622597287,88.43510112774077,15.006100928858364,58,85,26,1
9.337960771689513,236.16316246569704,141.41375547295064,68,38,26,1
32.8109323386678,14.572493715275716,78.50346350446601,40,42,76,0
12.290047661812963,130.87264361559528,64.36475041346766,78,71,71,0
5.422348941587585,365.9662404053724,122.57739424614817,71,24,10,1
12.537023454472978,495.9868761611881,126.19475954702482,61,11,21,1
36.252213126855125,58.597268797735794,53.167699801762666,98,61,13,1
42.85697517126115,206.73221477203126,105.57461833370031,50,53,51,0
41.595883296066084,402.0347746625882,116.81280829852355,40,63,22,1
20.160584716113515,109.97746096816043,99.9243495955634,94,27,94,1
33.570214260246985,281.99162515812026,26.98128584601441,93,12,95,1
10.646722623083138,369.20493505454067,132.00304710997327,31,16,13,1
15.010812647920156,311.83287062748775,83.16871014672127,13,52,91,0
44.868623016795425,102.13211996155391,45.958501823650536,22,91,78,0
1.1435952137814338,184.1384386560123,66.65808688846562,54,47,28,1
4.73267227729617,394.05797439784465,10.44780810784157,51,46,11,1
10.790369629728353,281.57099192468814,23.540686177250546,58,67,21,1
1.813344091754076,12.562510636027241,116.00427882479983,29,42,90,0
9.481054036944967,382.88547241376597,5.001687039528091,86,68,83,0
29.360557267999763,27.302563920717144,65.40204512993236,90,20,15,1
21.36051525432865,375.4095535383037,80.76397625741032,63,77,17,1
44.687249698310254,109.21547448096634,12.921990900140983,45,91,60,0
40.96345630605283,479.4560052584963,146.09633363098825,10,77,20,1
17.419958909044862,190.29096813802138,37.78817303120243,24,97,72,0
13.341459954848977,170.19649200565877,49.108814347260726,86,31,66,0
19.29477420427971,82.9551446628979,49.071664276978964,26,75,21,1
29.719599654482984,159.7460655902053,38.41041600701573,33,53,82,0
13.769150220732374,439.5588732958183,5.213704202515156,67,15,11,1
31.395370938532135,498.2038254373512,110.75499514275947,81,51,17,1
20.7658767834664,190.4716699483557,145.19259747089637,32,34,20,1
27.826335452173023,229.81920916772586,37.522555076331535,55,66,62,0
22.088263192198177,363.81475971934117,101.14184281149625,81,94,19,1
15.076055097324925,444.2359324278865,112.5749674090137,17,64,94,0
47.44843869462676,300.5917237515242,128.02167996812608,68,25,93,1
38.29848681090816,201.84759210713636,66.28123356697333,99,23,17,1
7.435602200439401,212.18470201582562,48.92498131786224,68,48,45,1
43.48916480694668,350.8528917834354,52.16779443333951,22,37,85,0
24.627844313350927,11.576949166096554,108.33009329928436,48,60,23,1
44.780335231257524,313.59877535532195,123.43302264331723,37,58,63,0
40.0928351693921,184.1915751162651,31.334025324707387,98,18,94,1
21.548068471227054,399.1566923257713,58.786446182875956,70,67,95,0
1.6122307618458112,55.56541351333476,135.78132852862674,25,54,30,1
13.799529289554831,298.21911080471136,121.97056035573719,11,31,59,0
27.31089362571291,245.67671604420065,147.804468400559,91,41,48,1
31.85717188139429,324.73950769356145,114.36599765390172,26,78,29,1
13.265440428943513,41.77826129665449,62.01330414904873,39,96,97,0
7.398125666604795,294.1920558397843,90.64248592922247,22,78,96,0
41.829046721565305,285.12744810016665,100.84706686586145,91,51,16,1
49.22790794482583,284.72344626392373,16.376093365982975,22,62,18,1
26.52166402398295,305.70895663226287,83.95205907006044,52,68,10,1
8.998124649491023,341.4692892409175,107.85152012852839,94,83,35,1
13.979212662708763,404.44460984357715,29.261589080153755,30,48,47,1
1.4103384890996034,142.21215286282504,118.19159902670579,64,24,47,1
45.757790924744704,414.27421098823044,89.64705317454619,90,80,70,0
6.328678603061986,254.1452843090923,143.07215892615122,49,38,53,0
29.03756553795555,47.75855677582227,11.151233239999296,92,12,95,1
14.065733424016697,38.689955329549804,43.47228994554271,24,92,53,0
27.931811124531773,173.7767761610698,92.2253124984745,82,19,83,1
32.74530922341728,394.5995187846191,48.001187269859955,61,38,71,0
41.57221928350648,356.7636580230487,108.59150379033012,83,88,15,1
10.717852952149858,396.42133268947913,115.05576596568,62,44,26,1
1.0442935185947837,263.4618376563886,19.864814789638796,96,15,60,1
7.27583868840596,225.6975089981904,79.50889730998132,61,21,47,1
45.050922771481204,82.25173808607913,78.7891305607031,39,47,33,1
43.757558839344505,170.81444926856267,58.54571168125346,42,86,60,0
30.07194855743026,222.6694894251989,140.27410507260245,66,28,19,1
30.225584591465843,53.414210543012445,124.98841638161707,61,76,81,0
33.41931539003965,118.09985682849351,106.09536037689733,18,17,30,1
9.180878291860754,303.130394091232,108.57736218157464,63,17,79,1
45.76339132328551,370.47492597720304,71.94884085290226,10,93,94,0
21.22914098215762,499.1902805825453,138.5442055590035,53,56,66,0
19.465357148350122,467.2255323583433,105.71633695172638,84,13,48,1
26.18642641150046,324.85694777224387,110.70225394009339,89,60,97,0
2.824815355365225,216.41154611409527,129.94518104916506,18,94,42,1
8.731026753425931,321.72690870703406,44.74038045461769,41,76,68,0
37.03266401310534,394.96929285931367,122.02528106067193,24,54,27,1
4.59853406229376,67.98473355245979,33.30988742869135,21,17,65,1
30.356029418586214,210.85339595118123,55.074583075508734,87,96,66,0
12.644780929225387,421.50311996145246,53.663515869127195,66,25,85,1
19.77013289507784,198.07814644719156,146.8861929164254,17,86,57,0
14.790339970149644,290.2174129013214,129.1978974434494,81,76,51,0
18.105799465014982,298.00698682247713,106.66962993058766,36,18,36,1
36.092772306620155,100.39336403548329,110.42323043423157,71,69,83,0
15.207524923347163,187.4953664096213,86.5005551883728,21,87,61,0
28.53702969469641,173.91053148354675,142.32814673073526,74,86,51,0
24.064494908855433,22.83638718071175,76.95751916794242,51,80,41,1
33.35172268545108,21.85396430676407,60.175067931134706,71,24,35,1
46.87307209657552,417.531551401129,28.640123855080695,20,80,34,1
36.76231881190739,143.80469688667807,118.9998195778534,52,50,84,0
11.13954874024246,263.85859545701953,111.49437015096076,26,31,32,1
2.0435651855335912,156.3755310584988,60.731480585999556,41,33,66,0
13.482070192841341,470.93283010651686,8.653045024088257,94,53,61,0
29.956357569662615,137.05541184422913,126.65461251911155,94,10,96,1
3.0455777674703923,220.53183824207818,6.655607600840677,49,19,40,1
25.0701292364612,437.6378227374549,107.03646804621239,32,89,73,0
30.043721021386016,422.54744772798625,145.68728091027828,65,81,80,0
17.04507259543956,101.18969474467589,68.4608925814895,15,65,42,1
38.660154085418185,403.2952217998981,39.07114372441315,95,98,94,0
5.776613530121704,234.5115745015674,107.20629645629035,59,59,11,1
4.219320195922534,246.65474732182406,123.48358059225984,46,21,27,1
36.54534343207837,75.40518648381246,84.23239583128786,73,98,56,0
25.026820152206824,49.49474174099108,145.22011491214118,63,90,42,1
34.57591862317293,366.69026041714494,12.49196464040436,81,69,93,0
22.02395326088544,253.26596465409688,78.19536175415658,58,35,44,1
12.696900645335788,224.05684428143798,109.17582236176976,20,87,60,0
41.04556472487289,367.4590320396744,130.08286831663094,97,50,27,1
40.07108600896447,385.1013205056438,30.992063726629556,58,45,97,0
34.887475307294125,87.86500215798324,121.00050485573381,30,32,81,0
13.971184292883153,309.01032324404423,85.14252597918906,75,52,39,1
29.71641801001981,76.3235003160659,62.500283888544665,72,15,53,1
18.368207898531328,378.1737921542324,24.098679143968567,92,78,62,0
5.033312629668391,331.90802657089836,130.4678850417923,37,52,19,1
45.90702198538102,478.7411643308944,27.804615186058726,26,34,96,0
7.2725222304885895,43.789428014646376,49.91923958531939,15,27,61,1
47.53674901412972,37.956813364114616,47.056602134553344,28,71,58,0
22.57728576141881,148.27166659966807,131.35503495767387,65,22,20,1
